QUESTION1P,QUESTION1N,QUESTION4P,QUESTION4N,QUESTION8P,QUESTION8N,QUESTION11P,QUESTION11N,QUESTION13P,QUESTION13N,QUESTION14P,QUESTION14N,QUESTION15P,QUESTION15N,QUESTION44P,QUESTION44N 
72.86936669600001,16.985257816,78.39631597,11.816344582000001,86.41930932400001,5.865226615799999,70.719074236,16.589354628000002,70.39699837999999,15.336787594,81.386195804,8.2886660726,68.536422902,14.136946394,71.797600242,13.681200156