QUESTION#1MPLN,QUESTION#1MNLP,QUESTION#4MPLN,QUESTION#4MNLP,QUESTION#8MPLN,QUESTION#8MNLP,QUESTION#11MPLN,QUESTION#11MNLP,QUESTION#13MPLN,QUESTION#13MNLP,QUESTION#14MPLN,QUESTION#14MNLP,QUESTION#15MPLN,QUESTION#15MNLP,QUESTION#44MPLN,QUESTION#44MNLP
83.31727768571429,12.504399865714285,74.89921420142856,13.822369835714284,72.18466139142858,15.151671580000002,74.20966976,13.911703757142858,74.45866301857143,13.591115701428572,74.69974274428571,12.147058418571428,77.19949049,11.250481379999998,71.03739219428572,12.046300706142857

