QUESTION1P,QUESTION1N,QUESTION4P,QUESTION4N,QUESTION8P,QUESTION8N,QUESTION11P,QUESTION11N,QUESTION13P,QUESTION13N,QUESTION14P,QUESTION14N,QUESTION15P,QUESTION15N,QUESTION44P,QUESTION44N 
83.670026592,11.929535146000001,71.80386073,16.774773604,69.343359022,17.402611458000003,72.035162256,15.729033106,72.256753906,15.615845618,72.486048446,13.796333714,75.126723024,12.62366274,59.67017617399999,23.287056628000002