YEAR,SURVEY,QUESTION1P,QUESTION1N,QUESTION4P,QUESTION4N,QUESTION8P,QUESTION8N,QUESTION11P,QUESTION11N,QUESTION13P,QUESTION13N,QUESTION14P,QUESTION14N,QUESTION15P,QUESTION15N,QUESTION44P,QUESTION44N
2018,1,74.96385542,15.24096386,80.38554217,10.77108434,88.19277108,5.036144578,72.45783133,15.57831325,72.28915663,13.92771084,82.21686747,7.879518072,70.04819277,13.02409639,73.59036145,12.74698795
2018,2,72.28723404,17.62006079,77.36474164,12.48138298,85.90877993,6.154313949,69.19315589,17.83726236,69.53381459,16.02849544,80.72983257,8.673515982,68.43210346,14.10384176,70.62851711,14.55627376
2018,3,72.00889193,17.61627907,77.76815068,12.19143836,86.06808074,5.893944577,70.93591501,16.3588074,69.54349315,15.97328767,81.63120082,8.096476223,66.10623715,15.63913639,71.09016112,13.85293109
2018,4,73.74695708,16.23638693,79.22671805,10.93641618,86.83664318,5.594490711,71.35305466,15.66559486,71.89109545,14.19090327,81.82371795,8.094871795,70.57106274,13.07746479,73.56020605,12.51448809
2018,5,71.33989501,18.21259843,77.23642732,12.70140105,85.09027169,6.647239264,69.65541429,17.50679527,68.72743208,16.56354075,80.52936021,8.698948291,67.52451839,14.84019264,70.11875548,14.73531989