QUESTION1P,QUESTION1N,QUESTION4P,QUESTION4N,QUESTION8P,QUESTION8N,QUESTION11P,QUESTION11N,QUESTION13P,QUESTION13N,QUESTION14P,QUESTION14N,QUESTION15P,QUESTION15N,QUESTION44P,QUESTION44N
80.76407960666666,14.304523163333334,77.85484225,15.441269393333334,83.76409377,8.272306274333333,76.54944704333333,12.607400866666666,81.34725769666666,8.263513441333332,94.52915315333333,1.938935004,89.17344147333334,3.595605249,61.67800913666667,21.561467036666667