YEAR 	SUBSET	QUESTION1P	QUESTION1N	QUESTION4P	QUESTION4N	QUESTION8P	QUESTION8N	QUESTION11P	QUESTION11N	QUESTION13P	QUESTION13N	QUESTION14P	QUESTION14N	QUESTION15P	QUESTION15N	QUESTION44P	QUESTION44N
2019	1	85.67816092	10.12643678	74.43678161	15	71.90804598	15.91954023	74.26436782	14.72413793	74.55172414	14.42528736	74.52873563	12.7816092	77.52873563	11.27586207	63.1954023	21
2019	2	82.74297408	12.6851296	70.01802786	18.33187654	67.30960175	19.20676487	69.77046943	17.50764192	69.70976541	17.54391708	69.94731095	15.64837565	73.56830601	13.64453552	57.16320961	25.6058952
2019	3	82.8341853	12.68817891	71.7552	16.67072	68.57931695	17.37184807	72.07571885	15.29776358	72.98212005	14.87643678	73.21066071	13.1828918	74.59667093	12.94462228	59.18286445	23.26023018
2019	4	84.47566372	11.26580278	72.53950695	16.06573957	70.4487666	16.41745731	72.61910788	14.96108826	72.01803227	15.46124644	72.57495256	13.40923466	76.02813784	11.86753083	60.89876621	21.87851946
2019	5	82.61914894	12.88212766	70.26978723	17.80553191	68.47106383	18.09744681	71.4461473	16.15453384	72.02212766	15.77234043	72.16858238	13.95955726	73.91176471	13.385763	57.9106383	24.6906383