YEAR,SUBSET,QUESTION#1MPLN,QUESTION#1MNLP,QUESTION#4MPLN,QUESTION#4MNLP,QUESTION#8MPLN,QUESTION#8MNLP,QUESTION#11MPLN,QUESTION#11MNLP,QUESTION#13MPLN,QUESTION#13MNLP,QUESTION#14MPLN,QUESTION#14MNLP,QUESTION#15MPLN,QUESTION#15MNLP,QUESTION#44MPLN,QUESTION#44MNLP
2020,1,85.07865169,11.1011236,77.07216495,12.36082474,75.62886598,13.12164985,76.83505155,12.02061856,77.42268041,11.54639175,76.525732,11.34020619,78.15463918,10.4742268,75.29896907,9.979381443
2020,2,84.048,11.908,75.24914807,13.91839604,71.79587486,15.53201258,73.99449856,14.16511789,74.57177495,13.83267522,75.56692445,11.73087625,78.21845135,10.71563098,71.88035333,11.50239069
2020,3,80.7378681,14.92326835,73.28773503,14.83083647,70.34723087,16.61908598,72.53280465,15.31570451,72.00153605,14.8880449,72.27446697,13.72430384,75.85421235,12.01282837,66.59120215,14.2999222
2020,4,83.14825488,12.56452129,75.08303716,13.38299904,72.24623759,15.03394172,74.65454545,13.55183413,75.53054662,12.99710611,75.86588459,11.39315155,77.09609225,11.24087124,71.66869984,11.65373517
2020,5,83.88526672,11.97713802,75.93441449,13.05190667,73.88652725,14.19198362,75.11584232,13.31549059,75.5744304,12.86951984,75.85315907,11.4530434,78.62304189,10.54974057,72.18788711,11.43336915
2020,6,82.92130751,12.60411622,73.14549732,15.56719563,68.83988681,16.6784978,71.92154866,15.26898199,71.32480197,15.53998017,71.90453612,13.40345768,74.93403217,12.7958316,68.97179494,13.3474913
2020,7,83.4015949,12.45263158,74.52250239,13.64443026,72.54800638,14.88452951,74.41339713,13.74417863,74.78487073,13.46409192,74.90749601,11.98437002,77.51596424,10.9642401,70.66283892,12.10781499