QUESTION1P,QUESTION1N,QUESTION4P,QUESTION4N,QUESTION8P,QUESTION8N,QUESTION11P,QUESTION11N,QUESTION13P,QUESTION13N,QUESTION14P,QUESTION14N,QUESTION15P,QUESTION15N,QUESTION44P,QUESTION44N 
82.318429592,13.178061356,78.791467008,14.822072445999998,85.525773116,7.679565557399999,79.923136458,10.513942208,73.73322278999999,14.747984308,83.52553563199999,7.8090759605999995,69.833898264,17.431043757999998,54.75916865399999,28.095909726000002